speech_id	ut_mos_src	ut_mos_tgt
134500_0002	3.8468048572540283	4.239155292510986
40744_0005	4.261394500732422	4.293941020965576
142345_0000	4.147392749786377	4.375114917755127
210777_0002	4.402543067932129	4.405884265899658
