speech_id	ut_mos
134500_0002	[3.8468048572540283, 4.239155292510986]
40744_0005	[4.261394500732422, 4.293941020965576]
