speech_id	ut_mos
142345_0000	[4.147392749786377, 4.375114917755127]
