speech_id	ut_mos
210777_0002	[4.402543067932129, 4.405884265899658]
